{
    "robot_root_name": "pelvis",
    "human_root_name": "Pelvis",
    "ground_height": 0.0,
    "human_height_assumption": 1.8,
    "use_ik_match_table1": true,
    "use_ik_match_table2": true,
    "human_scale_table": {
        "Pelvis": 0.83,
        "Spine3": 0.85,
        "Left_Hip": 0.72,
        "Right_Hip": 0.72,
        "Left_Knee": 0.72,
        "Right_Knee": 0.72,
        "Left_Foot": 0.72,
        "Right_Foot": 0.72,
        "Left_Shoulder": 0.96,
        "Right_Shoulder": 0.96,
        "Left_Elbow": 0.96,
        "Right_Elbow": 0.96,
        "Left_Wrist": 0.96,
        "Right_Wrist": 0.96
    },
    "ik_match_table1": {
        "pelvis": ["Pelvis", 0, 10, [0.0, 0.0, 0.0], [0.5, -0.5, -0.5, -0.5]],
        "left_hip_roll_link": ["Left_Hip", 0, 10, [0.0, 0.0, 0.0], [0.4267755048530407, -0.5637931078484661, -0.5637931078484661, -0.4267755048530407]],
        "left_knee_link": ["Left_Knee", 0, 10, [0.0, 0.0, 0.0], [0.5, -0.5, -0.5, -0.5]],
        "left_ankle_roll_link": ["Left_Foot", 100, 10, [0.025, 0.0, -0.04], [0.5, -0.5, -0.5, -0.5]],
        "right_hip_roll_link": ["Right_Hip", 0, 10, [0.0, 0.0, 0.0], [0.4267755048530407, -0.5637931078484661, -0.5637931078484661, -0.4267755048530407]],
        "right_knee_link": ["Right_Knee", 0, 10, [0.0, 0.0, 0.0], [0.5, -0.5, -0.5, -0.5]],
        "right_ankle_roll_link": ["Right_Foot", 100, 10, [0.025, 0.0, -0.04], [0.5, -0.5, -0.5, -0.5]],
        "torso_link": ["Spine3", 0, 10, [0.0, 0.0, 0.0], [0.5, -0.5, -0.5, -0.5]],
        "left_shoulder_yaw_link": ["Left_Shoulder", 0, 10, [0.0, 0.0, 0.0], [0.70710678, 0.0, -0.70710678, 0.0]],
        "left_elbow_link": ["Left_Elbow", 0, 10, [0.0, 0.0, 0.0], [1.0, 0.0, 0.0, 0.0]],
        "left_wrist_yaw_link": ["Left_Wrist", 0, 10, [0.0, 0.0, 0.0], [1.0, 0.0, 0.0, 0.0]],
        "right_shoulder_yaw_link": ["Right_Shoulder", 0, 10, [0.0, 0.0, 0.0], [0.0, 0.70710678, 0.0, 0.70710678]],
        "right_elbow_link": ["Right_Elbow", 0, 10, [0.0, 0.0, 0.0], [0.0, 0.0, 0.0, -1.0]],
        "right_wrist_yaw_link": ["Right_Wrist", 0, 10, [0.0, 0.0, 0.0], [0.0, 0.0, 0.0, -1.0]]
    },
    "ik_match_table2": {
        "pelvis": ["Pelvis", 10, 5, [0.0, 0.0, 0.0], [0.5, -0.5, -0.5, -0.5]],
        "left_hip_roll_link": ["Left_Hip", 10, 5, [0.0, 0.0, 0.0], [0.4267755048530407, -0.5637931078484661, -0.5637931078484661, -0.4267755048530407]],
        "left_knee_link": ["Left_Knee", 10, 5, [0.0, 0.0, 0.0], [0.5, -0.5, -0.5, -0.5]],
        "left_ankle_roll_link": ["Left_Foot", 100, 50, [0.025, 0.0, -0.04], [-0.5, 0.5, 0.5, 0.5]],
        "right_hip_roll_link": ["Right_Hip", 10, 5, [0.0, 0.0, 0.0], [0.4267755048530407, -0.5637931078484661, -0.5637931078484661, -0.4267755048530407]],
        "right_knee_link": ["Right_Knee", 10, 5, [0.0, 0.0, 0.0], [0.5, -0.5, -0.5, -0.5]],
        "right_ankle_roll_link": ["Right_Foot", 100, 50, [0.025, 0.0, -0.04], [-0.5, 0.5, 0.5, 0.5]],
        "torso_link": ["Spine3", 0, 10, [0.0, 0.0, 0.0], [0.5, -0.5, -0.5, -0.5]],
        "left_shoulder_yaw_link": ["Left_Shoulder", 10, 5, [0.0, 0.0, 0.0], [0.70710678, 0.0, -0.70710678, 0.0]],
        "left_elbow_link": ["Left_Elbow", 10, 5, [0.0, 0.0, 0.0], [1.0, 0.0, 0.0, 0.0]],
        "left_wrist_yaw_link": ["Left_Wrist", 10, 5, [0.0, 0.0, 0.0], [1.0, 0.0, 0.0, 0.0]],
        "right_shoulder_yaw_link": ["Right_Shoulder", 10, 5, [0.0, 0.0, 0.0], [0.0, 0.70710678, 0.0, 0.70710678]],
        "right_elbow_link": ["Right_Elbow", 10, 5, [0.0, 0.0, 0.0], [0.0, 0.0, 0.0, -1.0]],
        "right_wrist_yaw_link": ["Right_Wrist", 10, 5, [0.0, 0.0, 0.0], [0.0, 0.0, 0.0, -1.0]]
    }
}
